empresa,vertical,ciudad,whatsapp,email,web,notas
Box Lunch México,catering/box lunch,CDMX,5215549446216,info@boxlunchmexico.com.mx,boxlunchmexico.com.mx,WhatsApp verificado
Coffee Break México,coffee break,CDMX,5215572244787,info@coffeebreakmexico.com.mx,coffeebreakmexico.com.mx,WhatsApp verificado
EMCEBAR,barra de café,CDMX,5215561158514,empresarial@emcebar.org.mx,emcebar.org.mx,WhatsApp verificado
Banquetes Al Fresco,banquetes,CDMX,5215561507660,info@banquetesalfresco.com,banquetesalfresco.com,WhatsApp verificado
Sandras Catering,catering,Monterrey,5218111064523,,sandrascatering.mx,Tiene autoresponder básico
Catering Monterrey,comedores industriales,Monterrey,5218136436177,,cateringmonterrey.com.mx,WhatsApp verificado
Jaso Catering,banquetes gourmet,CDMX Polanco,5215620446376,,jasocatering.com.mx,
Food n Brands,comedores empresariales,CDMX,5215635390221,eventos@foodnbrands.com,foodnbrands.com,
Tentenpie,box lunch,CDMX,5215565526623,,tentenpie.mx,
Deli Snack,banquetes,CDMX Tlalpan,5215546046288,,delisnack.com.mx,
Ambrosia,banquetes premium,CDMX Pedregal,5215546249800,,ambrosia.mx,40 años experiencia
Tolucafest,eventos,Toluca,5217223111936,tolucafesteventos@gmail.com,tolucafest.com.mx,WhatsApp confirmado
Painberry,catering,Toluca,5217226311165,,painberry.ueniweb.com,
Banquetes Boyás,banquetes bodas,Cuernavaca,5217773228334,,banquetesboyas.com.mx,Premio bodas
Ramírez Gastronomía,banquetes/jardín,Cuernavaca,5217773631221,ventasrrg@gmail.com,ramirezgastronomia.com,
Formaggio Catering,catering,Cuernavaca,5217772236434,,formaggio-catering.ueniweb.com,
Mamba Catering,catering,Guadalajara,5213224707329,,mambacatering.com,WhatsApp verificado
Hacienda Atongo,eventos/bodas,Querétaro,5214427214288,hola@haciendaatongo.com,haciendaatongo.com,WhatsApp verificado
